comment,tag
Your ads campaign team needs a pay rise.. this is elite 😆,
No but like why did she do that 😭,
,
,
go Gina 🔥💪,
This is gold and true,
What is this really 🥺😅😳,
,
GINA HAS LOST THE PLOT,
Gina's puppet,
I’ve been WAITINGGG for you to post this here because I think I want to use the sound bite hehehehhe,
,
,
Best meme ever made….love it 😂😂😂😂😂,
,
Get real no way,
,
"Not grrrrr, it’s tick tick tick tick tick tick tick.",
she can listen to my fart😂😂😂😂,
Incredible post,
Labor 💪💪,
Brrrr,
Grrrr Grrr 😁,
Great use of free will,
How good is this post?!!,
this cannot be real bro 🙏,
Atleast one official thinks the same as i do😅😅,
"More of this and longer, make downloadable too 👏🏼",
👏👏👏👏is this on Spotify yet 😂😂😂,
This is brilliant,
Love it,
one onk,
Grrrrrrrr,
Gold!!!,
haha,
😂😂 Spot on,
Hahahaha,
this is hilarious,
Great Post.,
,
brrrrrrr,
Pauline for PM 🥰,
,
,
this is hilarious 😂,
